credit_score,income,loan_amount,loan_term,interest_rate,debt_to_income_ratio,employment_years,savings_balance,age,default_risk_score
810,107410,11924,48,7.97,43.29,32,27181,58,7634.543365888612
418,37482,19291,24,6.94,11.01,33,15089,43,6249.833058945462
724,85641,39501,36,8.59,37.11,0,97459,33,2148.117990369962
444,73331,25714,36,13.09,33.39,18,2413,48,4979.385344103728
440,46723,35651,36,8.3,46.21,6,9716,42,2993.851949532455
634,149410,7520,36,8.56,35.98,12,57089,66,8572.770742060935
422,86150,36910,12,11.73,46.69,30,60119,27,2758.649580980852
679,99671,7307,12,3.38,42.58,3,2739,34,8624.958225460367
526,141041,33270,48,12.56,17.24,8,10619,36,3463.5192297438152
582,106652,22921,48,14.14,43.1,3,20661,47,5514.51101434091
551,58890,36010,36,11.66,45.44,26,13362,37,2924.5604276640856
771,39541,26675,60,7.49,29.14,5,16939,59,4728.648156118942
307,70108,44951,36,4.6,34.04,4,27785,64,1187.6216491627997
553,68364,5097,48,10.71,19.65,12,13703,54,9088.10774501608
773,66167,41727,24,12.82,43.84,15,76508,55,1693.2217510102532
546,53660,44905,48,13.19,18.35,3,38170,35,1116.9318500957345
302,131925,8390,12,3.59,22.68,6,86130,30,8485.307983736595
471,139076,34328,12,9.42,44.0,22,28840,45,3255.7185842478725
670,105112,18937,60,7.54,46.71,28,86338,41,6266.136622263704
745,145150,40525,24,13.88,38.82,11,32959,40,1925.5344355977236
563,101412,34619,36,11.15,49.91,0,20823,33,3205.291107105235
524,76446,18493,36,9.57,25.72,7,92091,42,6400.51215462465
825,52556,18230,36,10.04,28.6,29,26442,60,6381.425418327071
808,114613,45957,36,10.91,32.88,1,9493,38,842.035721616383
617,26276,11971,36,9.53,15.65,8,17221,34,7675.441678348375
570,102565,20504,48,8.27,15.42,15,21575,36,5997.62197533238
516,42042,48950,24,5.14,34.4,9,99524,40,299.6542045982403
322,45931,32286,36,14.96,47.58,14,9336,58,3723.787592936143
723,141717,16116,48,3.46,17.68,5,42933,36,6823.179621048148
673,43411,16435,36,3.15,24.19,14,4581,39,6761.903547323556
773,143867,40262,12,3.33,21.85,19,70400,38,1967.4545183351884
333,135886,6089,12,2.71,47.64,32,13894,30,8941.087346943466
804,27491,49857,36,11.96,29.0,21,1313,33,61.649945012857714
567,102711,13894,24,14.66,39.99,12,89234,52,7300.508699080747
804,73002,44882,36,9.33,42.69,33,44247,34,1044.0774813850817
489,73276,24614,36,11.31,18.97,13,82597,48,5187.11173974884
321,125373,37581,36,6.37,37.29,12,87640,30,2645.64879536343
555,140030,17763,24,14.57,16.65,25,5409,57,6532.612350321122
301,47345,38537,60,9.23,43.26,22,52127,57,2481.8356203585627
453,80504,21920,12,8.33,32.09,29,99976,19,5737.457852350187
406,49402,29089,12,14.01,19.26,15,39643,21,4330.842714899623
451,145341,38893,24,10.62,10.52,18,33688,51,2323.1990250962394
307,132718,30227,36,11.31,25.84,3,33760,21,4143.64448225768
719,59443,30000,36,13.69,23.65,0,8071,35,4043.52868185625
352,70948,45461,36,5.08,28.07,31,5972,18,1086.553536825101
540,64623,42650,60,6.22,21.76,11,47657,37,1561.456666171126
522,42890,42487,36,7.9,12.85,16,98185,66,1576.9735428647743
820,20060,11471,60,10.89,39.52,5,19665,27,7740.408358830185
691,65186,37779,60,5.95,49.54,7,32888,50,2489.9802274631124
805,76979,29837,48,14.5,40.66,15,7910,57,4066.4626634388565
438,33350,6177,24,3.77,49.7,20,45890,44,8910.189152727175
341,57380,17576,60,3.55,43.94,26,64471,48,6642.463545854198
338,134846,33228,48,13.8,38.75,22,21360,26,3520.3434449316323
514,39816,42991,60,10.71,25.69,16,57225,66,1497.0967749761473
824,27314,43908,48,5.52,35.26,22,59635,18,1231.2493107216687
812,142000,42685,60,12.95,34.07,30,2850,27,1483.9561480558305
477,116214,47676,24,2.74,46.28,6,30782,64,585.7797346426539
757,29847,25074,36,10.95,15.94,24,48367,45,5022.756871419747
477,38309,7591,36,12.84,19.5,7,32624,54,8571.001269788369
320,143489,5302,48,11.61,47.06,28,60356,66,9088.537862201732
625,94137,8384,24,12.16,47.68,25,91228,37,8388.804890383235
466,107272,44851,60,6.41,26.62,31,18256,39,1174.4179984671878
706,134618,44338,36,7.47,44.02,0,31663,65,1191.8409819214955
552,144988,18395,48,2.52,29.93,33,97037,68,6374.626444812008
815,78762,44256,12,7.12,43.15,19,49111,42,1174.9351563717842
509,142907,25354,60,8.47,17.97,16,28205,33,5025.796436939642
530,121757,11588,48,13.56,42.1,16,11767,18,7809.632828117355
414,145991,8292,24,11.78,15.29,16,93650,38,8471.983210185404
532,105708,6013,48,7.02,41.28,21,35757,21,8906.913305730617
495,29516,46779,36,4.62,27.59,4,52066,45,757.9887812717285
448,137440,46732,24,9.1,43.22,30,555,25,789.3951926337912
459,87957,36010,48,10.95,43.88,1,59557,29,2961.114496076864
728,43499,19721,24,3.95,25.26,28,27937,69,6075.052669955526
519,60600,47891,48,8.79,17.85,15,89367,46,511.23293414658025
444,33025,34921,24,12.98,36.77,11,94945,36,3146.3217901941057
630,67924,47823,36,4.94,32.96,19,35790,24,514.2247334810368
336,99273,37117,12,10.83,26.08,23,87362,43,2743.5871737398047
700,73625,30498,48,4.3,28.34,2,14779,36,3954.266879212328
362,130616,36348,36,11.89,13.25,7,86148,66,2877.6311632024626
322,118656,7539,48,5.58,27.22,24,6895,43,8649.793302105776
605,56444,41495,12,10.92,13.26,27,94977,28,1772.0146175730372
777,45963,21376,48,7.53,25.67,0,18807,53,5772.818026674953
576,105680,47828,48,6.35,40.14,5,10929,66,550.2202239576534
811,61844,9437,36,7.86,25.84,33,74656,58,8124.891390114288
526,33919,19210,48,6.26,31.95,27,55982,38,6251.500879628893
305,23389,34252,60,2.81,36.84,25,20719,59,3299.0568784202915
635,101121,31526,48,11.53,21.08,6,84585,58,3743.7486118559054
721,148232,47080,24,3.34,14.93,23,46737,23,614.0306223939849
332,103691,45747,12,12.68,23.08,12,88780,48,1012.0217790370899
446,61235,49517,60,7.24,29.35,31,80907,32,216.6509005027739
306,84178,20036,48,12.91,21.92,8,82886,54,6164.3209363708775
588,145659,47891,24,7.64,11.56,0,81426,55,493.4225316255264
604,41195,40144,24,10.97,43.3,27,47708,37,2061.8108972264336
481,49257,35111,12,9.58,29.59,14,2972,26,3121.19528396075
459,53742,42846,36,2.6,45.01,1,49037,26,1558.8474765212256
338,81246,46991,60,2.68,17.08,27,39339,27,758.1500230931725
395,47420,25095,12,13.96,23.72,25,45591,37,5125.281420978788
485,125865,43595,48,11.24,30.23,19,98072,60,1407.1076399606181
766,66828,49912,12,5.93,12.02,5,38169,45,49.75793956823205
524,119804,15617,12,11.54,48.61,26,5057,69,6991.416454106245
476,72307,35841,12,13.51,32.7,2,44143,59,2970.7806938688022
818,112124,48404,36,13.72,31.65,24,62257,34,323.9243126648237
490,147706,15142,48,8.03,46.9,17,7847,29,7092.186843710283
783,94553,15634,36,10.77,25.91,8,78218,66,6901.364334155893
701,65500,6171,24,9.94,16.71,8,49961,54,8809.030830789628
384,139273,14587,24,7.89,10.24,1,68936,60,7232.803647953823
734,79720,36822,60,3.45,33.81,29,28251,65,2677.828441034413
353,134187,23037,60,11.99,46.52,3,63230,27,5546.197774707105
717,20281,13438,24,14.18,45.35,2,75379,27,7376.579615920926
647,135621,25567,60,3.39,17.85,3,15762,57,4959.408050545032
465,50707,34545,60,4.44,42.47,4,98682,31,3218.869365271883
749,101958,44896,36,9.66,28.87,3,46950,47,1046.3416260420797
506,105530,44019,24,6.58,19.87,16,45807,29,1271.9333563282182
649,137832,37373,24,10.19,17.57,9,87132,45,2586.435559430766
464,86672,11172,24,9.71,15.08,3,29332,22,7890.871025572811
641,92545,33671,12,11.85,49.58,18,20991,28,3342.2866829178893
759,78606,40196,48,11.06,22.23,4,57196,30,1980.130548820378
399,49192,11430,24,6.51,33.46,12,31225,58,7848.987784194554
734,31653,10105,12,7.4,35.26,20,45712,36,8000.068616969632
411,89346,21456,24,8.78,25.2,17,13237,41,5849.528925487685
428,103559,48461,48,4.99,36.85,25,65864,39,428.5417638483693
685,89768,28669,60,7.92,11.11,20,62119,29,4295.67220306373
604,75554,13325,60,3.97,30.24,11,29592,24,7409.867784087272
833,102503,43019,48,8.66,35.82,26,18161,28,1433.0758910933478
388,114242,12927,60,4.53,39.69,24,18768,37,7562.30776901257
672,120732,11979,12,11.14,15.6,27,20187,51,7630.8494168153065
503,43874,38613,60,9.27,46.32,30,78816,18,2373.4518060263085
708,100395,43098,24,5.36,24.0,27,9930,65,1421.1621702437044
542,84881,23994,48,3.13,28.44,2,74123,50,5277.280320655798
558,47935,29489,24,11.26,18.75,23,73302,43,4177.306268485559
736,69786,39865,36,2.88,25.34,8,34268,47,2083.898303221923
346,66600,25609,36,7.74,26.59,34,25020,54,5026.26444632821
417,120734,30279,12,3.89,14.5,0,41964,28,4086.732191561825
704,143274,47003,24,8.54,47.38,5,7490,69,667.1060663387036
402,126296,27473,12,11.22,43.4,24,93721,56,4640.2724843789
357,46172,13984,24,9.51,12.46,8,33798,50,7342.6928503687805
815,125221,11397,60,8.88,31.96,30,3641,35,7751.829459524856
398,64413,44933,24,4.96,20.45,28,59758,42,1140.659991232642
828,139044,46971,12,6.6,25.73,30,49112,64,608.4531044365314
541,61846,32413,48,14.02,32.81,30,60926,57,3606.712667040984
300,92595,23052,24,13.31,17.16,20,57572,47,5556.453338029361
696,85082,42605,48,3.46,34.2,17,30297,37,1538.6369545979628
500,116443,47422,60,8.24,46.01,33,8123,23,655.4266685030653
647,140075,25829,36,14.33,27.16,28,77567,18,4894.150763717111
395,148748,32605,60,11.45,24.12,26,85610,27,3603.224422548834
324,68874,49002,24,9.94,25.47,12,74632,33,369.5708048385137
775,73268,22030,60,2.88,10.26,3,74991,45,5618.45963992275
443,102495,11530,60,10.77,35.11,14,41831,19,7824.005916201938
340,105469,48790,12,14.63,21.58,11,83996,41,397.3654199210385
419,106213,48360,60,11.9,22.64,1,35454,58,456.46952067570817
446,43510,21014,48,14.16,36.47,10,35507,64,5937.291796983412
454,148301,21163,12,13.64,39.21,7,98256,69,5888.063134879829
734,62240,18521,36,14.64,47.91,4,73994,43,6338.866413079504
516,125921,44778,48,6.07,26.45,14,18562,41,1149.43693378509
699,84754,10435,36,9.26,40.25,2,1951,39,7964.989481278722
676,132153,28486,60,5.03,35.01,29,28561,42,4354.78362689541
613,47376,16421,48,3.94,12.48,27,92705,65,6796.638029899568
443,69138,27420,36,12.23,29.33,1,46157,48,4666.276103040523
787,48831,16138,48,8.56,23.52,25,23535,54,6811.725330917874
796,64813,18673,36,10.91,28.61,9,44460,53,6282.859035823956
450,88344,9798,60,12.69,30.47,16,27499,45,8172.72928247401
602,38639,10926,12,12.48,17.95,5,37792,55,7890.43096055766
755,49711,11441,36,7.6,15.24,6,94968,68,7732.177731531289
638,54832,28561,60,3.69,30.74,13,89031,47,4348.387384534953
483,138249,12227,60,13.47,23.64,28,29680,58,7666.038149226309
358,31555,26592,24,14.63,27.04,25,6789,35,4844.4669028272765
377,134306,35682,48,7.16,18.79,4,98695,64,2992.6159377861086
603,133824,22727,12,5.86,46.74,15,74777,37,5540.154580076205
576,21591,10693,48,10.68,18.65,28,55698,57,7937.052485243123
645,70677,11519,12,14.79,17.61,15,73889,26,7739.81555048102
497,72375,42778,36,5.89,21.73,1,5796,20,1567.1629340233344
802,103976,47845,12,6.76,43.46,33,26336,32,449.0341807097173
673,76276,47368,60,14.47,23.65,9,68607,52,565.9928726414648
423,77132,31160,36,11.66,41.69,19,8222,20,3894.5239109558597
421,116523,36463,24,13.27,26.79,27,7856,54,2858.7136730022044
309,145836,14067,48,14.52,30.22,8,28615,69,7364.611679625584
686,103807,21531,48,9.84,41.9,0,85879,19,5743.915739216816
340,55111,17040,24,3.21,36.92,8,92918,50,6742.135927252496
801,71886,11629,48,10.15,42.33,15,72178,32,7688.619190482007
515,63585,12521,12,8.66,31.54,15,8593,68,7595.431989414193
525,52733,35137,12,12.37,38.02,20,88534,18,3077.867153813792
741,57198,16130,60,14.71,10.55,7,66576,29,6800.793464401445
478,120375,31928,12,3.2,49.77,21,85468,44,3720.4254204595754
664,23430,14686,60,9.19,35.3,27,48893,19,7127.885344417524
697,81916,15756,36,5.75,49.49,23,44135,50,6894.634299815738
690,20619,20149,60,3.02,22.0,33,10635,46,6007.984564149796
532,44860,22630,48,10.93,33.13,13,26739,37,5572.1307027296925
582,142926,23743,48,9.84,39.88,19,50568,32,5350.323842505208
427,33669,14122,60,13.72,27.35,25,85501,26,7315.246946124943
709,80315,37262,12,14.11,10.01,6,17459,54,2606.927607980574
772,114071,28711,48,11.79,39.15,12,23806,32,4300.793379936437
313,116999,12761,36,9.41,40.1,12,71749,42,7590.612275492488
817,29078,35254,12,7.87,20.09,24,5534,31,2968.4419813858503
760,21341,18076,60,14.39,49.68,1,45406,40,6431.9252443405985
397,88916,27656,48,3.28,13.51,25,47819,58,4588.632515417546
405,133811,39958,60,2.65,26.34,21,1524,50,2131.9913682325555
318,149839,12758,12,11.2,18.82,5,43890,27,7622.433452130697
467,53062,37784,60,6.57,11.82,29,99468,26,2531.1988193815705
535,130198,33047,12,6.02,42.81,15,20842,20,3504.1703174907093
677,67414,15487,12,4.54,42.2,32,16709,50,6959.192831237514
613,136074,22087,36,2.81,46.17,1,26287,37,5668.569576734795
830,33281,31724,60,5.4,23.41,14,86669,29,3658.110111637091
523,132302,23544,12,3.56,20.45,31,51153,48,5372.539858520312
309,88878,16889,24,5.96,32.14,6,2523,42,6783.105614346386
659,124101,20379,12,13.28,44.36,19,78608,47,5994.351843197588
668,88577,23394,48,4.43,39.68,27,19276,37,5372.405505680732
612,54707,30150,36,13.49,37.84,30,95046,55,4023.8220261136507
368,130177,16871,12,5.04,42.12,11,78082,45,6773.376623003172
505,109399,31200,12,5.63,40.41,15,71318,54,3870.4019780427984
558,47083,31189,12,11.21,26.63,11,67863,43,3863.480362893755
647,113106,26991,12,10.85,16.35,23,4381,31,4665.898877104216
354,103310,16205,48,4.77,15.29,32,42495,61,6906.063362419695
825,75230,44110,48,8.08,38.96,22,87421,58,1165.7500416210871
415,63001,21669,36,3.97,42.8,34,87580,49,5811.104763697786
456,144677,49629,48,4.56,38.25,15,90347,37,189.31791293332415
436,53320,23284,60,8.77,34.17,5,46182,47,5475.862396987976
511,132755,6651,60,6.89,44.46,26,67005,30,8775.475244028912
601,77056,8750,48,12.83,21.65,22,58453,42,8330.416140018917
615,49241,38548,24,4.62,45.18,0,19558,43,2372.8964783634055
328,95418,8631,36,5.61,16.8,8,77924,67,8420.813658019108
713,137369,31984,36,8.7,25.91,25,8989,45,3662.938167159385
847,46289,10017,24,12.99,14.22,20,70198,32,7990.016334463868
807,132831,14866,60,11.34,12.91,31,50222,18,7040.244297750335
394,39982,34739,36,5.13,10.9,23,58703,45,3195.5826971872366
514,62534,26223,60,2.92,45.12,18,38098,31,4874.8479415562015
567,90831,33141,60,12.56,26.22,4,80373,54,3469.226598239616
798,44354,9760,60,5.97,16.25,10,6794,30,8070.082985112598
569,32112,43360,48,6.33,37.89,31,91009,63,1396.244892252472
548,49009,19537,60,4.96,39.17,21,28906,61,6179.770460571751
622,144343,14715,48,2.74,42.4,32,24976,56,7122.686037536422
824,148583,42174,24,5.24,12.28,17,56096,53,1585.8217463294422
557,45559,35158,60,10.71,47.64,3,42719,23,3079.0367075011254
522,147015,18828,60,6.88,13.21,29,3782,24,6338.322493931225
626,51575,32425,36,14.97,15.7,16,26849,26,3588.8399373102116
692,54636,40585,48,5.28,17.6,4,73396,51,1909.5778071163788
672,79052,40840,60,14.73,33.33,13,38506,50,1877.1979976819498
447,98187,32042,60,9.3,35.35,1,99244,67,3703.631110564518
716,132217,14074,36,12.16,30.65,9,77658,48,7221.064028178947
362,121678,34450,36,12.8,35.82,17,74554,40,3260.228152203196
394,71027,24873,60,9.68,20.25,1,57853,31,5178.10062975882
691,82187,9255,24,3.38,44.94,22,65747,53,8195.703598894313
737,46431,6724,60,3.76,33.88,34,1214,58,8690.250807461123
457,99141,35112,36,7.5,39.52,25,76302,50,3096.3417437150147
355,52981,11643,12,5.23,40.05,29,3232,65,7827.400614921858
760,72930,39964,24,13.29,29.53,2,95042,64,2032.6322415227096
528,119911,14496,60,6.24,22.26,34,22301,62,7200.231352048387
645,122471,6828,48,7.59,37.67,24,98273,61,8684.94535501522
763,149828,22014,60,3.51,47.84,23,36839,62,5629.477975755613
662,115317,10997,48,9.46,42.35,4,76920,30,7860.578832118814
338,83483,15258,48,5.62,47.8,18,968,31,7111.43833832307
402,135672,27663,60,5.71,27.06,12,38346,52,4605.340076402774
478,128542,23658,24,5.11,31.78,13,10940,32,5409.983292964593
847,112108,31715,36,8.42,33.52,6,83569,35,3656.3571761327303
502,37850,41451,12,4.99,34.04,22,5188,48,1822.2563900618418
316,132573,8083,12,7.41,34.68,12,81103,59,8528.547458687412
345,146740,12909,60,6.6,48.63,14,83245,57,7596.822199321196
383,64738,26800,60,14.16,25.09,28,43052,40,4776.5966566301395
314,94441,26817,12,10.91,44.29,14,78648,39,4811.521266783082
552,61755,28312,12,12.54,10.88,13,88290,32,4417.976884002602
754,131785,35784,24,5.8,30.94,34,75164,51,2876.901470717728
456,57904,46986,12,7.17,42.97,14,15791,19,733.6065188909253
530,32254,32117,60,10.61,44.62,5,75839,27,3680.0457440369464
405,102879,39196,48,9.54,41.95,12,66273,57,2317.965644943959
831,144088,14346,60,2.58,31.38,12,50255,40,7112.934153509636
756,50561,19818,36,9.74,11.93,30,93710,59,6042.071040663063
697,114006,44310,12,14.61,10.65,3,28,34,1184.4786589146802
470,71860,41378,36,5.84,14.11,7,82674,60,1842.262194952413
368,73947,5671,36,4.89,16.53,20,20365,30,8999.949297204705
760,143395,28953,48,14.51,26.74,1,60030,66,4238.685642800864
516,83852,33602,36,5.52,25.29,29,1541,19,3396.4909458444076
532,71756,45761,48,12.45,12.38,0,79553,63,959.6978018374122
434,108929,30519,60,7.55,34.78,9,57676,64,4022.874943404989
538,86504,38691,60,11.64,28.76,2,12336,57,2378.244986376597
530,95186,16563,48,4.74,44.64,9,69211,31,6792.420604450177
584,54701,28563,36,12.54,33.08,21,4924,36,4375.121265354977
374,43196,45718,12,7.73,42.47,26,7244,60,1000.9018491981426
775,87278,10906,24,4.46,17.87,27,21168,27,7842.051719773996
563,111155,31170,36,13.58,14.39,28,82212,61,3835.595351811359
807,35251,36656,36,5.92,36.52,25,94830,45,2680.2557981532855
548,105553,47815,12,13.31,26.01,23,44252,64,529.2951469782759
425,149478,15805,12,3.21,45.19,7,22784,39,6974.223599644582
332,71474,21173,60,11.31,27.1,16,54401,66,5919.164491517251
387,113065,35659,60,6.7,11.15,6,76448,42,3013.806579262195
336,144165,36174,60,5.03,32.19,27,53331,56,2910.1867625564837
550,121148,17275,24,9.79,18.4,33,9677,28,6656.73067291677
645,136021,38768,36,4.15,29.7,16,15605,39,2337.7342638247824
541,144130,36116,24,7.46,12.05,22,80021,19,2872.3449341042574
488,74028,10772,48,8.14,16.51,14,81029,42,7941.324701472606
593,109613,28384,12,5.6,15.73,32,55718,55,4384.210784435987
740,43821,44279,24,9.91,23.37,34,59274,55,1168.4190322728066
479,106475,28128,24,8.53,16.7,32,24485,51,4493.00325537417
841,81788,8081,36,6.28,36.76,11,16608,48,8388.734738371864
617,48380,37591,36,5.97,17.83,28,71545,35,2524.2723578601294
761,55772,46974,12,8.54,37.56,12,33123,45,649.1442872112998
408,67638,29345,48,4.85,43.57,18,41034,65,4285.729504390526
702,22983,46621,12,12.98,10.04,29,56321,45,700.3314042515008
692,107263,38160,24,14.95,43.69,3,92103,25,2432.9186328345036
443,22469,40153,36,5.87,27.67,33,98865,18,2089.6496475608647
717,84674,30643,24,7.03,21.56,30,81542,46,3906.4306476110446
455,124734,7551,36,7.31,16.23,15,48521,66,8600.151725311709
444,103869,38937,12,4.4,22.48,32,30936,41,2324.5277584801397
648,115402,19996,60,14.39,21.83,7,68322,69,6038.280875463068
489,119616,39317,48,5.89,41.99,20,3435,59,2240.000695475491
412,91652,48936,24,7.17,12.76,10,85311,27,336.1605046380333
747,94131,23322,24,2.59,19.31,19,38931,68,5380.5260966352735
695,81212,21087,12,5.9,32.16,2,37207,45,5844.5895125958095
693,70069,30051,12,8.58,48.1,20,69795,65,4045.000445735036
792,135005,17411,60,13.63,25.24,18,16138,33,6545.839589318199
822,85661,26953,48,6.36,18.23,33,76428,64,4592.274037831554
618,40022,5162,24,6.47,36.53,15,99318,31,9051.858920426206
336,24494,12446,12,7.99,13.44,25,61892,29,7654.784469678543
445,80545,38453,48,7.79,32.56,5,5609,36,2470.980731617709
385,122979,45108,60,7.35,44.88,2,4532,50,1147.9724686164152
608,121332,24508,48,11.59,22.26,13,12305,23,5189.669984034675
395,132855,13429,60,12.77,33.27,33,28400,41,7460.28257438184
633,22356,39782,24,14.54,35.95,27,60213,27,2105.7179299675217
803,93972,41378,60,4.51,31.27,15,42929,31,1736.1887075025872
645,117241,16695,48,12.56,20.88,9,99174,27,6722.182898496773
793,30225,21021,24,6.34,29.56,10,27563,56,5839.589435187933
460,121371,9033,36,11.68,38.38,25,19360,30,8323.154708948061
624,84772,36497,24,3.36,35.2,13,89630,61,2768.2200481848727
807,116347,17693,24,13.06,45.02,22,30348,45,6482.504745708176
735,126625,23489,24,5.33,10.53,17,5153,43,5346.1812101030155
393,103560,16916,48,13.47,13.17,3,71621,56,6750.991922834134
432,97236,33411,12,2.89,32.95,26,11434,51,3449.245466930485
817,53756,28911,12,14.97,21.53,1,42578,26,4239.2182278765395
662,47490,32733,24,12.51,26.7,6,88478,28,3515.294094758482
703,86081,22625,48,8.03,20.18,12,89647,18,5532.564656507338
812,49759,23313,36,12.98,22.14,1,24502,25,5360.658510757803
500,43051,31966,12,11.72,26.45,16,11560,68,3725.1707883498593
384,68901,48541,36,3.28,47.66,4,9505,38,447.2985779323345
352,52921,49298,12,12.3,19.2,10,70434,25,285.60846892746457
392,149749,10110,48,14.87,40.32,11,24161,49,8136.36947813148
707,74842,41035,60,5.43,22.63,30,59117,36,1835.3022190984059
677,69153,23708,48,10.73,22.82,19,7213,42,5311.923549837671
534,122302,12394,12,13.49,32.31,16,4655,28,7622.885351101924
301,61786,42384,48,5.73,21.84,31,86246,28,1664.4066089269265
314,74912,27612,60,14.31,25.88,2,58047,32,4646.747807409224
599,101941,7839,12,4.07,19.95,26,71820,39,8494.773976737823
816,80461,44040,36,13.06,13.09,28,87458,30,1187.6300670707708
597,74620,32213,60,3.36,32.26,18,75761,69,3643.0136363076267
317,20806,15699,12,3.54,45.92,3,89876,47,7022.68429229785
582,32676,5661,24,6.92,33.14,34,21359,55,8938.344508098806
433,83888,33138,60,14.1,49.7,28,35863,30,3521.68972575309
824,74756,18467,48,5.64,36.95,8,95041,41,6318.716900702105
464,125284,29217,12,11.64,25.47,12,14429,56,4279.232781107587
707,27813,39964,36,9.99,15.41,22,79971,48,2037.2343013631144
368,148267,19357,60,12.76,10.02,4,50493,61,6269.758774566144
746,102970,43787,48,4.34,18.56,34,23290,35,1284.8803705277742
772,97454,39054,12,3.82,21.04,11,80664,23,2185.498221355026
335,21750,11894,48,14.56,49.17,11,50390,53,7778.5125754976625
357,46660,33082,48,12.96,22.61,18,14706,39,3534.5192069202285
333,147118,35447,60,12.01,38.2,30,99083,29,3073.498792976315
776,134130,14108,48,10.93,37.19,17,49402,31,7196.144153560461
416,65893,34118,24,5.66,40.78,1,99270,33,3311.3746348324985
413,35563,24584,48,5.69,23.39,13,28754,58,5216.652210809894
467,61873,11406,60,9.36,33.23,9,34840,51,7833.6328257578125
555,127434,31342,36,11.66,20.09,12,25008,59,3824.6270672523324
666,43150,43218,48,6.37,25.78,19,75403,53,1410.5272821250555
656,108801,42947,36,7.92,13.22,20,15385,22,1485.8946811790192
752,143372,33482,60,13.69,14.14,11,75432,60,3325.317447106796
326,35577,6958,24,2.8,25.8,22,15210,48,8766.487216263733
695,147769,13535,36,3.81,25.07,2,33161,26,7345.757898894466
412,142555,12531,60,7.34,10.43,32,50830,26,7638.6633235405025
398,128730,37376,36,5.37,35.51,27,39385,59,2665.5419630453484
469,95713,8191,60,13.76,47.84,11,58436,27,8504.452207448538
530,69153,34411,48,2.51,23.26,28,73960,37,3196.603959468617
743,138533,36750,60,4.29,36.32,33,62665,22,2694.714613656833
752,131543,13734,60,7.37,32.63,30,77926,27,7275.269034554226
799,26570,41116,12,6.82,24.88,11,7869,41,1807.9607215549229
686,31122,39068,60,3.66,35.26,23,35321,59,2242.3108854424263
805,82552,39905,24,13.33,33.01,7,58701,23,2030.7811312583085
524,146768,10432,36,11.89,23.95,5,67067,40,8012.850556288166
334,140900,46781,48,12.46,42.22,13,71218,30,806.0849270510029
479,66542,44922,24,5.25,43.14,18,36021,40,1154.798076630791
742,40337,36852,60,9.46,24.5,8,82797,56,2661.1742754883808
532,114457,10495,12,13.0,47.15,16,90467,18,8000.160234692486
750,118875,33758,48,10.3,48.27,34,42399,60,3286.9792546746544
578,137071,15837,60,5.19,41.38,19,29059,56,6942.866058846816
702,69268,22081,60,4.94,26.43,10,24014,52,5636.648376482348
426,145617,36552,24,2.62,48.18,1,66983,37,2828.328681002679
685,56397,49633,48,7.26,48.95,19,65305,28,141.67124423453834
816,51860,7336,24,4.0,29.33,9,10150,21,8546.497900581282
497,79321,39521,36,12.72,14.42,1,54847,30,2201.6528916511415
821,45849,24446,24,12.89,49.55,23,22606,63,5118.696864812456
695,125228,28177,36,12.77,32.86,18,35739,58,4428.973505876121
364,70975,32935,12,2.9,41.21,13,11907,42,3569.2965962675426
494,94744,39546,36,9.23,37.0,15,15111,29,2209.7203063402108
573,111248,31213,12,13.28,44.83,8,34550,43,3860.096317605871
625,102050,34344,36,10.91,37.19,17,29825,32,3223.6833783582147
491,54801,40433,60,14.26,11.03,28,74531,54,2006.4638060693003
849,118833,16407,24,13.73,19.34,9,53080,37,6752.096365676337
573,68787,47092,48,12.45,22.1,27,16448,19,676.3309588954041
718,90316,13461,48,13.56,26.89,6,17438,64,7353.56571000156
608,55046,5781,36,3.16,44.39,3,75386,31,8910.97188023157
519,114934,21393,48,7.93,36.55,11,87755,53,5826.9214260171875
335,134524,22826,24,10.2,38.08,24,81383,62,5576.330324244897
483,64859,19042,60,8.82,45.45,34,81653,42,6307.148941347811
371,96961,48285,12,5.37,44.47,34,81434,54,470.1656334827344
810,30326,20261,12,6.81,27.63,30,83656,65,5952.39514330144
791,49373,18380,12,14.34,33.53,32,12404,27,6342.283129068365
530,146522,49139,12,4.44,40.74,13,81199,67,264.7830338337851
357,46685,36055,24,9.2,29.1,30,94731,60,2933.224451467411
817,132590,20901,36,13.23,33.42,24,29187,59,5823.273864062589
377,63408,48543,12,14.09,48.25,27,23664,30,441.7525485868231
525,76503,46945,24,7.44,46.66,23,42438,61,711.9204280948359
443,135608,12421,48,14.01,15.38,29,68993,41,7630.042190169896
840,31344,47652,48,2.69,15.04,10,25345,23,496.09175040996104
673,54531,45372,48,10.84,18.83,5,67359,68,954.5923173397375
368,142413,7159,24,8.6,37.16,10,56325,25,8726.130146560581
810,40662,7852,36,12.79,18.72,22,25988,55,8448.107372948834
641,129049,12629,12,10.07,23.57,15,595,64,7550.127581664455
675,90326,14833,36,2.63,26.76,30,42372,66,7083.810113214313
842,110827,28284,48,2.94,43.15,9,56326,62,4372.0700990197165
803,46630,48363,12,10.1,26.31,15,30028,46,354.03260774997034
366,72326,32386,12,14.01,23.15,30,36390,33,3676.257400655964
658,63753,44864,24,14.23,26.95,19,42406,43,1097.2231838071173
389,47082,22153,12,12.97,47.97,24,96583,21,5705.599025417908
303,127860,11416,12,9.33,24.07,14,87675,40,7877.068285835564
391,73302,22772,48,4.47,23.38,19,20390,21,5554.620422749302
493,75204,9135,24,12.68,35.02,17,75956,39,8289.798080021712
702,56062,14852,60,9.87,45.62,31,18733,50,7077.584336176888
704,55133,10774,60,12.73,46.38,24,39601,40,7893.9871029283995
443,55435,8040,12,3.28,37.91,32,39131,48,8522.631572364018
643,109563,47287,12,9.53,11.61,6,9969,35,631.5412666831422
657,64064,11910,60,10.45,49.86,30,7642,68,7712.832439666887
727,24853,6367,12,13.39,16.45,11,3981,69,8761.936362463883
358,32115,30556,48,12.29,33.9,17,19768,33,4042.849698691415
790,96260,31819,60,9.14,12.23,2,98537,27,3641.1354996461446
421,146879,10978,12,8.19,15.32,14,38192,23,7944.836165501203
847,55057,5645,48,5.64,22.31,12,37310,69,8852.33951140489
489,135953,33903,36,14.88,31.88,31,26469,59,3324.859309115867
837,82211,23073,36,7.39,10.84,3,80317,37,5388.529312414659
621,45683,12999,48,8.11,37.88,7,90201,63,7451.338063483544
800,81367,18489,60,13.01,22.41,34,89299,19,6292.305521743856
494,53039,39503,36,10.8,33.31,31,55311,28,2196.177651694351
552,39250,10704,36,2.64,31.99,29,61313,69,7937.944169404754
381,123674,21299,36,8.55,16.47,9,68827,29,5884.538081406865
791,146209,31035,12,2.99,13.92,6,3771,49,3822.654236134562
680,137428,35129,60,13.94,14.93,17,57378,38,3037.4348724056713
679,100199,34794,36,10.77,17.09,9,3513,50,3093.065061094676
769,30616,45194,36,3.88,26.11,10,73705,33,982.0531655860832
466,92355,6667,24,11.48,23.5,1,63248,54,8792.845561387754
352,26638,9079,60,11.6,23.11,5,95359,39,8337.69103947937
601,23020,39406,60,11.9,48.02,27,57480,53,2211.7568702533304
425,21435,9940,60,12.05,13.94,23,25757,51,8129.939269141163
805,88785,25215,36,10.89,40.39,1,56862,68,4980.548787956482
706,24648,35933,12,14.23,12.82,29,91428,36,2849.982973993838
576,21925,33272,60,5.06,16.73,1,81335,29,3427.5503250304323
432,127435,15800,60,9.94,12.41,6,68921,31,6964.863072827456
553,114223,9358,36,7.11,35.99,0,453,51,8230.767296246297
481,114588,35932,48,14.62,31.79,0,1909,67,2933.1969369490234
543,121520,39881,60,9.72,47.39,20,66425,32,2129.912840033405
442,110874,30538,36,14.27,44.66,3,76154,35,4014.762264151593
579,125899,29765,12,14.33,48.08,33,25958,47,4124.903639873813
322,149044,17722,60,6.58,17.48,17,29565,29,6606.011491521418
700,43019,34725,36,5.98,20.75,26,77806,31,3091.997050662878
663,29110,30817,36,12.57,23.55,10,87937,43,3900.2080055163538
738,57265,44575,12,3.64,13.6,33,86282,26,1121.6141417684976
474,55946,6898,48,12.92,45.5,3,43601,28,8742.641412274585
412,103441,33552,36,7.93,16.99,27,16459,24,3433.4606260593223
849,59063,12345,36,6.42,37.02,2,26149,26,7540.069731259766
340,130677,27433,12,3.75,41.76,28,40473,26,4661.533354787843
394,103847,22015,12,11.74,41.4,22,67300,58,5732.121871663177
784,20338,12151,48,9.99,40.61,9,13503,51,7614.498857490405
700,105431,13258,12,13.52,42.5,14,65867,41,7390.3001387288605
445,43398,38787,12,5.09,42.48,10,28365,49,2389.0237646248374
802,56408,26627,48,10.71,41.18,21,62637,60,4668.948904500897
768,69708,9795,12,5.81,12.05,22,85474,32,8046.510886776613
695,83620,46424,36,5.23,18.09,5,1737,22,778.4051394001345
620,51890,42766,12,10.98,12.93,28,83276,55,1493.2029601824877
721,25776,46321,60,6.94,34.62,1,54703,19,787.6074819033206
594,36309,46903,48,14.6,12.7,0,27885,26,709.6806700140487
327,81681,48934,12,13.43,37.61,30,44553,50,384.5602453776378
542,125423,47641,48,11.33,22.97,7,65054,60,567.7442554105019
687,79129,28616,36,9.65,15.97,33,16984,43,4315.10807893111
380,93543,14435,12,13.93,31.93,17,13186,56,7270.135087711416
641,116826,11548,24,4.85,31.64,20,32826,21,7762.049247676021
768,29200,37994,12,4.33,15.89,22,67808,47,2411.426963446984
719,95532,30766,48,12.81,48.31,25,96516,19,3879.0695449828563
515,59499,5161,36,14.62,25.07,19,33172,56,9067.474747989238
405,108397,48039,24,2.91,21.92,3,99279,34,516.4862676800298
846,109899,46800,24,10.28,40.08,8,38744,18,664.7994593013052
514,140824,34259,60,12.59,11.58,15,28804,47,3248.7712992942743
495,92099,38365,60,7.87,28.43,0,20982,61,2442.2426265710073
320,109599,34165,12,8.81,28.0,27,13275,53,3325.276787784977
664,51966,25281,24,6.58,24.33,17,51952,34,4987.76326152832
552,50087,28225,60,4.82,46.37,27,18302,26,4464.647824694439
345,149972,15754,24,10.96,14.32,15,20625,69,7001.095649737414
353,34199,33495,24,6.72,16.48,4,40643,33,3467.6450714622115
560,21560,42481,12,10.85,30.31,14,7903,32,1623.3840607005286
549,68290,32044,36,5.86,45.63,3,21577,18,3684.051755494445
360,25109,17087,60,13.62,40.4,6,67313,28,6731.623455615331
709,53662,48619,36,5.46,21.93,24,74353,50,313.07590822290655
659,140585,45846,12,8.44,24.09,16,67262,21,894.1169421608975
480,117419,23752,24,11.17,19.35,4,9215,49,5348.003528804328
504,145133,24033,48,12.78,21.49,2,47258,61,5290.7795152078115
489,135512,30169,48,13.38,33.38,3,41954,26,4082.8696753880245
805,106206,29817,36,10.45,36.66,24,36113,27,4037.4579325597733
412,100559,28253,12,11.85,27.06,32,1779,67,4466.048272649481
403,132340,23745,12,9.72,34.85,17,23932,33,5374.449984402607
420,146446,43659,36,4.69,18.27,17,50477,65,1392.5223217665423
775,144873,26384,24,9.14,48.23,34,51514,46,4752.140428501406
704,117883,38069,48,12.53,30.55,12,22419,33,2433.704909215811
660,53397,15403,24,3.98,26.54,6,19563,21,6991.9107602801205
357,93609,32065,36,14.11,19.63,17,16704,32,3749.7888246445423
809,44070,20222,12,2.6,20.34,5,12666,28,5983.515379620438
567,28820,27668,48,3.77,13.26,20,68222,55,4532.496300965674
374,81550,47963,36,3.12,45.17,14,59624,63,570.1391963923259
528,67614,6125,24,14.48,42.04,29,77475,29,8881.486553079287
389,131562,12710,48,12.84,24.77,7,11539,22,7617.3336509987785
685,145816,21029,12,9.64,23.57,23,83641,45,5833.326845317949
553,123320,25733,60,12.55,33.83,15,10702,52,4967.601057598838
744,130022,36186,48,12.3,26.43,0,90518,20,2796.995166178673
417,44578,19716,24,13.04,26.06,23,11953,21,6200.4292168066195
450,26640,31122,60,11.72,22.94,24,36901,35,3900.087921971036
630,75761,28171,24,9.97,37.3,19,26140,54,4449.925991665499
719,116059,15983,36,5.75,42.85,18,15690,47,6847.260468802219
352,88760,24363,48,8.24,49.88,9,12178,20,5305.788510240857
412,102310,47668,36,4.86,23.28,23,50715,63,595.0334657621814
770,65272,23888,36,6.57,31.87,6,38889,56,5258.26984141867
459,94859,28164,48,12.34,39.16,33,10976,24,4489.376043682701
749,67837,48241,12,6.33,38.81,33,19935,20,405.96570405016496
545,100097,35682,60,8.99,38.07,28,7526,63,2955.216136947787
442,54157,41875,12,11.28,26.49,17,75701,29,1738.523250725019
516,39623,8716,12,7.81,33.94,24,57557,38,8352.810038064868
639,35896,48596,48,5.89,34.13,20,7961,62,358.80661517490745
788,60998,38755,60,5.0,33.74,25,98644,67,2259.266032349193
430,72393,43467,12,7.85,24.26,29,77707,28,1432.9138576087196
552,68845,35620,36,10.84,11.76,16,74099,52,2964.3298254987994
348,75619,28197,60,13.45,21.38,20,94192,34,4515.053928752993
666,89274,21052,12,6.56,13.2,19,15357,37,5847.944958302969
350,111428,6529,48,5.26,17.21,11,27412,31,8848.480164205952
619,125361,35314,24,6.75,33.84,12,3650,28,3024.110205593096
317,127803,5282,60,9.38,47.52,14,48340,62,9103.112256370601
517,39975,29487,60,9.71,45.04,11,55991,67,4218.706843708791
447,102189,12239,12,14.17,11.59,13,47322,31,7686.140907441988
524,110600,12052,24,11.71,37.69,21,81218,58,7690.379175791355
372,50015,7023,48,4.08,36.87,32,8998,47,8741.927351502502
361,132992,29282,12,8.84,48.32,4,53014,32,4298.90023908697
442,143782,41727,36,8.39,14.77,2,50311,19,1767.3714359152434
464,143191,20892,48,12.93,12.19,7,48113,46,5939.866581971002
831,41288,22069,36,14.11,15.57,7,85914,63,5588.011754146913
521,112324,28551,60,3.82,22.55,2,43310,44,4393.9837900053935
460,71184,10051,24,10.69,17.08,25,3543,47,8128.791462561859
513,82046,38848,36,9.6,30.18,29,36901,44,2344.0020730899996
354,121872,22071,12,7.66,24.24,19,86799,69,5722.756594171441
628,143629,39742,60,13.1,33.81,19,26708,53,2138.661510703682
553,85128,20352,36,6.78,41.12,12,19787,60,6041.007202893826
386,136891,44901,36,7.44,25.28,13,13231,48,1165.1014421518519
350,141332,28762,60,7.14,22.5,16,50374,37,4401.254525863183
481,33760,26253,12,3.56,16.4,1,59010,36,4841.163212173366
758,112447,12896,24,11.45,28.32,13,98971,56,7430.249367496749
675,39129,47468,12,11.98,46.1,13,92259,33,548.3224097318378
427,59062,23099,60,5.82,45.24,20,96330,39,5515.1203146868
311,77372,17504,60,5.94,26.11,13,84085,26,6656.537625638868
460,65028,25421,12,11.48,37.57,33,95310,18,5023.057215035699
623,32201,6633,60,9.33,10.28,33,20595,62,8725.742373934536
473,111659,35911,60,13.6,35.82,4,17558,64,2965.2858294301936
831,87889,18279,24,11.44,41.97,7,72390,64,6348.197039307423
706,91431,33211,12,10.3,20.12,33,54943,27,3399.73759846883
410,95897,17448,60,8.35,44.34,34,80771,69,6622.582578716309
337,70072,10249,60,5.62,22.61,14,14591,41,8104.237317896174
774,87649,47951,36,6.89,21.37,15,88887,31,439.1398937433708
845,20526,42900,36,3.53,47.27,6,21630,48,1434.201450824416
784,42431,18428,48,5.23,15.87,25,58759,26,6321.397077957236
311,29903,37003,36,12.27,42.39,0,26393,53,2775.1284086089167
577,24470,16439,12,10.28,48.46,18,23332,23,6820.309333219098
426,86061,42823,60,11.74,21.91,31,36538,18,1579.8987813676777
529,44574,24201,24,8.94,15.33,6,97247,43,5238.8826561332535
444,50027,27669,48,10.77,30.5,5,89494,40,4572.502751118913
385,26368,10469,36,13.38,30.02,3,35010,32,8067.202305697568
645,62874,34984,36,10.36,42.55,3,89826,19,3055.963033301377
325,71195,34197,60,10.77,20.77,15,28511,26,3322.804637577728
375,117624,10542,48,5.9,34.17,2,8314,65,8045.407514788411
584,124199,24909,36,3.36,14.35,17,20968,40,5066.5816105870235
649,46015,29570,48,8.87,30.44,20,13306,31,4147.805086429826
315,70106,41618,60,8.3,41.34,18,89402,44,1846.2928361623817
579,100688,42211,60,10.13,12.28,32,20539,64,1647.8727202895643
558,130091,6431,48,2.88,45.2,28,13334,62,8797.984232870735
765,74615,14596,12,11.77,49.06,22,46389,63,7110.228012408205
823,80112,28705,48,13.25,40.63,19,41111,44,4270.910183560758
776,100435,47685,48,3.22,46.45,11,73366,26,487.8317308211748
798,105956,48108,36,8.98,49.3,20,86335,25,387.6678138409336
374,22396,42285,48,11.87,12.18,32,44527,39,1680.4474681909378
434,32984,19484,24,4.82,49.82,8,57851,22,6251.991338731624
584,21239,35930,36,13.05,47.04,4,83683,54,2890.3819076853088
314,46958,11171,36,6.25,49.69,15,17358,58,7949.000030447352
519,111357,12788,12,2.99,39.15,26,97605,47,7538.933769172404
588,37602,17330,60,7.19,27.31,27,93102,32,6606.530395237949
812,41427,37125,60,8.75,37.68,24,35281,27,2596.1080949098978
346,103309,31661,48,14.39,33.0,4,70192,65,3828.867449902198
408,128295,16101,48,4.64,40.49,22,44645,59,6895.193729488308
627,145261,47870,48,5.39,42.96,31,84790,66,491.953602265255
318,91635,5258,24,6.93,15.84,28,47307,41,9107.090932467136
580,85455,41751,12,6.42,30.0,33,76669,38,1726.6431978950209
300,119950,35798,48,7.89,13.11,4,91239,33,3005.4342811951137
396,136400,29259,24,5.9,44.46,23,70248,57,4279.530167971239
406,41804,48590,24,5.37,39.81,17,1242,21,439.77020799203086
328,46916,14369,36,3.79,41.33,27,91655,22,7297.804718101236
382,48602,33927,12,8.31,10.96,5,92934,30,3329.4922851859033
685,146945,31475,48,9.66,39.66,29,99862,26,3747.043982172935
535,46385,23450,12,14.6,32.88,13,32980,64,5411.953789927504
314,98339,34055,24,10.79,17.6,19,38032,34,3347.532466763785
718,48145,26636,60,7.9,49.09,23,6749,22,4735.208519508489
752,53933,30592,12,6.58,39.21,10,23519,52,3925.033892400601
619,82768,19472,12,14.99,16.75,2,35670,66,6178.96175457678
352,71571,11295,12,10.47,32.56,24,35030,35,7874.045178456747
500,121660,21905,24,12.54,29.35,17,19462,68,5718.393458589411
784,144938,40941,12,3.15,13.81,20,5544,46,1829.516467501588
538,98797,17258,12,10.09,37.8,2,50539,43,6644.848347562968
810,141826,21035,36,5.59,31.02,17,47218,60,5810.447736326895
825,89298,32523,48,4.79,45.88,12,51507,43,3516.960295865638
362,91260,26038,60,2.91,48.15,4,18608,18,4964.6311883400285
730,90135,19939,36,3.13,19.88,23,12062,19,6055.260320617156
761,84324,14283,24,4.66,14.9,12,68371,22,7170.228798130637
481,49856,28172,60,12.81,13.22,34,84294,45,4459.782373837063
417,118818,47821,60,10.97,41.02,10,94491,25,563.4188757022156
347,111748,31987,12,7.78,23.21,2,50468,47,3764.7006550153537
745,25626,29858,48,13.16,32.02,12,99096,65,4042.66320957933
583,22050,15526,36,13.92,44.91,0,60091,28,6999.84547651217
438,92715,28252,12,5.43,30.82,7,14692,33,4499.475627806552
605,127288,13706,24,4.34,27.19,24,48114,21,7317.371029843041
527,70861,15028,36,13.86,22.52,0,22912,25,7108.543920827178
369,90981,13080,12,4.13,10.17,34,29283,21,7527.26088045512
736,59214,34334,48,13.72,29.85,9,74599,30,3179.274361911869
641,96367,11710,12,11.05,20.96,11,61245,59,7717.935218667001
419,49430,36007,36,3.3,44.05,2,93789,36,2937.8342333394626
398,138618,35874,24,4.46,43.05,0,17322,46,2978.7503053349537
799,67908,27360,36,5.16,12.15,23,55823,69,4537.9487729468365
668,106231,14956,36,6.42,43.04,15,28942,35,7071.914648537391
648,36082,7643,24,3.49,49.83,25,45117,66,8552.376594861531
595,64965,35573,36,9.6,35.4,0,68274,58,2973.7992198820943
637,65084,11704,12,12.06,22.6,6,34206,35,7739.304912125925
371,24263,41487,36,11.18,44.74,7,10100,23,1867.4018455634528
569,57412,23681,36,5.76,46.83,27,52772,24,5354.134620215059
538,126661,42804,60,9.74,22.49,30,91271,38,1530.7175792033
353,101537,6283,24,8.78,18.16,32,76928,23,8883.521744302623
342,31536,40851,60,7.73,11.97,30,63722,34,1972.981156323606
300,56877,12736,48,2.74,49.03,20,83488,40,7619.377089839048
404,137584,33044,12,13.58,15.33,11,13163,30,3549.1457186218827
493,66163,24715,24,4.67,11.89,30,81187,42,5134.501822354994
324,76985,24194,60,3.67,15.49,32,37493,64,5320.289525379828
398,89626,29596,12,5.8,18.06,11,68706,31,4197.145414178827
710,100818,30470,12,4.88,44.64,21,91737,62,3944.788692548611
325,86435,20078,24,12.52,37.17,15,56747,41,6161.904543590699
417,104976,6376,12,4.59,42.41,30,86339,27,8857.597725195788
476,103624,48668,36,7.28,35.03,28,21322,40,394.8646799823427
825,97475,36182,36,7.16,42.17,29,53019,38,2763.729155918304
754,88247,8712,60,6.13,31.2,2,58466,23,8289.68434189425
543,77492,5488,36,12.71,19.04,23,65641,44,8975.17246238474
595,124540,16918,36,4.38,14.81,26,81099,20,6687.475463287273
655,132214,6727,36,5.18,14.27,14,132,49,8709.312120092167
398,94038,49311,24,5.6,10.0,4,81932,59,266.85000367407827
658,57641,13636,36,11.0,12.4,22,95380,25,7300.634642225821
774,41172,12848,36,11.3,12.02,11,34160,20,7460.94733155674
584,141750,11852,24,12.61,39.58,18,61597,52,7720.629312644888
674,122665,13533,48,6.11,36.9,9,57894,41,7351.049688165311
472,29077,34956,36,6.77,44.97,7,18705,61,3126.3062394538456
678,111194,41768,36,4.82,26.75,28,32125,52,1691.566926219263
389,65648,39171,24,10.89,42.58,20,5993,53,2322.4573577587494
319,101470,29981,48,9.46,23.25,22,71185,21,4160.036035170842
398,42534,5163,12,11.18,17.38,22,39029,18,9113.84312795129
572,142720,21044,24,5.79,37.3,8,368,65,5911.179186828034
491,91719,36238,60,10.4,42.82,5,29086,54,2878.2475402056416
607,132301,26727,12,6.78,21.33,11,30699,37,4743.720654421727
701,57567,49251,24,3.17,39.23,17,73173,28,196.56494229060957
524,32182,17149,12,5.66,11.8,25,40297,55,6654.191904135375
570,141789,22824,12,6.91,17.74,18,39832,33,5508.271731933271
472,120686,41224,12,12.03,33.97,21,44013,27,1870.0871539305142
636,84288,41060,48,7.15,26.21,32,50721,30,1840.3041700179315
489,138681,34734,12,14.31,19.05,20,99764,39,3144.3953140617796
820,98131,34009,24,10.74,19.08,7,81948,35,3216.47587532435
839,64569,44071,48,12.24,49.66,30,4782,65,1208.788281424016
759,98301,21994,60,14.76,23.21,32,47098,69,5628.622011645949
560,35398,5587,60,14.73,17.82,2,91531,62,8970.909194644648
761,65420,33144,60,6.68,20.39,19,73953,33,3404.3979933461014
527,97539,38340,48,6.1,19.94,27,93286,53,2426.277389867016
430,55737,18598,48,11.26,41.49,25,67306,68,6423.855345154787
684,26737,43520,24,2.61,12.02,9,60663,48,1355.2646645535785
615,31046,41321,36,12.5,18.45,14,19641,39,1815.2867848569529
512,40953,15759,24,14.95,25.97,6,70968,63,6961.6719719386865
717,123537,46779,12,10.26,21.21,8,96341,65,696.1118996258573
714,64547,14160,12,9.02,36.6,3,17043,35,7218.932799798372
812,40049,35508,60,14.88,30.51,26,57442,44,2905.696809859398
452,36371,7472,60,3.82,13.8,1,10707,37,8624.384829417399
690,20956,36703,60,11.96,11.42,11,90365,45,2697.5759888534167
380,41792,8726,48,10.31,16.16,18,95335,42,8386.317801893058
460,117955,43314,48,5.27,30.13,19,1067,44,1463.599923929905
519,103300,12967,48,13.77,23.82,21,48037,26,7514.066043763659
312,103186,14557,24,5.82,49.31,25,15629,39,7265.086073305295
767,33629,27436,24,5.47,24.52,4,25032,55,4564.547807312675
740,118762,31201,36,6.01,45.46,2,54646,48,3810.9026795664886
653,60042,38328,60,8.75,20.04,33,75282,60,2390.392996242434
676,77660,35268,36,12.84,29.02,9,36486,68,3016.128202248112
457,77775,25103,60,4.92,15.02,29,13265,60,5078.5238754602915
691,118511,34309,48,7.25,48.46,12,8536,69,3185.620020774699
551,96242,12099,36,2.78,36.82,22,769,53,7683.418240612058
810,57311,46674,12,13.23,47.96,17,59946,65,685.4656173786395
452,68320,14127,48,10.03,39.67,18,69586,52,7290.30451387814
456,46017,28481,12,9.95,44.3,16,82143,27,4410.947596449775
612,89350,44961,12,10.17,30.47,21,10481,42,1091.370048366996
622,117659,9895,24,8.94,22.31,13,48928,19,8083.228514325802
507,143618,34371,48,11.32,38.49,25,97170,22,3234.282345733899
546,39426,39084,36,11.43,12.78,22,83028,41,2247.935702893771
757,147844,47719,12,14.67,39.38,16,32214,58,478.227056110285
472,47961,34312,24,11.88,20.82,1,6273,19,3267.3314645861747
572,87675,9481,48,13.85,26.57,27,52389,18,8181.137891462528
588,124386,13329,48,4.63,43.96,4,65557,50,7416.067161857553
660,33507,16280,12,10.31,13.88,0,76631,19,6789.748343100523
710,37778,48617,12,6.8,19.39,0,49377,28,320.3762739858956
304,22920,22073,60,14.19,18.17,22,8789,32,5764.337936027837
692,148496,13906,36,10.05,42.74,17,62370,57,7260.98225443886
787,32857,31062,24,3.56,30.86,20,65131,55,3812.8368511999333
693,31303,38535,36,13.61,27.7,9,82315,55,2337.407105787466
735,101182,33625,48,11.43,48.99,9,37387,19,3328.6234653786823
377,59030,13004,60,10.37,11.01,8,90648,48,7534.568376560815
534,141863,46855,36,5.28,27.79,4,15764,47,713.1999957522696
300,52196,24921,24,14.69,13.66,8,58408,25,5194.252527936961
771,75337,31523,36,7.73,20.83,20,46451,63,3720.445171450016
353,122650,15793,60,14.2,31.61,28,86840,18,6977.647968053548
430,140103,30923,48,14.59,47.22,25,86673,63,3957.3032634051806
431,99561,36358,12,3.27,46.6,26,35418,29,2877.164646619264
770,107046,47600,12,10.61,31.94,1,97927,47,483.10445875569155
341,98249,15749,36,3.6,15.81,6,294,62,7014.770386781082
799,32987,30364,36,12.58,37.37,11,27472,37,3950.586146812938
726,23972,33861,48,2.57,11.61,12,44140,23,3248.2173101453413
327,40581,13234,60,3.92,28.71,33,56017,20,7510.6386971024
346,37674,33763,60,3.34,31.61,20,92115,52,3408.3816674864443
331,133939,34139,60,11.43,40.54,32,48506,56,3313.945660786422
748,27424,49638,48,14.22,26.29,18,79731,19,105.26215753885947
731,117820,17677,60,10.6,15.74,14,99525,26,6480.1751181185955
341,28946,19289,36,3.65,43.76,1,47085,47,6311.747160352029
780,129996,8374,36,14.41,30.0,3,80378,68,8335.947963483686
399,31664,36890,48,13.21,10.45,25,87904,18,2744.2322903348654
419,50448,10656,36,8.43,35.93,3,12879,25,8024.476365547812
432,127188,44213,24,4.21,10.81,32,78006,35,1259.000178347664
719,148322,37371,60,9.96,25.33,32,78422,68,2564.8070551314095
587,76638,24169,48,4.57,33.33,6,27626,24,5275.718716609
700,107312,41041,12,2.67,26.26,6,74400,19,1837.0109481367272
623,31561,39622,48,3.34,48.14,1,51990,66,2139.9947607161926
655,144398,32516,12,7.41,24.53,18,16956,24,3566.9544061196457
347,61688,7563,60,9.41,19.29,22,1831,28,8654.6075150629
346,65350,26008,24,3.96,23.82,14,28074,58,4967.618507023026
668,70192,9531,60,7.37,21.22,26,74702,25,8126.984726709049
500,102811,23710,12,4.76,23.69,24,40524,25,5365.412946747479
714,107266,16824,60,4.59,12.38,19,7373,67,6676.657034484194
645,104878,17924,24,2.64,32.22,33,63321,38,6461.198413691517
815,44951,33982,60,6.93,34.77,25,17393,60,3211.338117452818
333,130459,41850,36,7.32,45.86,23,64280,49,1809.9965461981315
324,41927,31390,24,8.33,37.65,13,76794,25,3870.131050268028
350,148386,18057,48,12.71,35.03,26,37679,58,6532.1935092277945
532,128737,14518,24,3.0,36.49,1,10292,19,7196.376462828569
562,35317,44420,24,7.14,23.71,17,9752,58,1192.5472404983764
721,131822,16929,12,8.77,47.15,9,61082,56,6668.352452323079
742,71047,8471,12,12.12,12.15,1,62147,60,8332.480303019222
755,102197,40479,24,9.54,19.48,19,27909,67,1915.5604909447693
824,108652,38598,24,8.23,42.1,10,78858,47,2314.7252616788624
629,143786,25669,60,4.45,30.78,21,39220,63,4946.869154516053
701,87298,17178,12,3.15,12.27,11,91656,53,6593.5411133011485
775,25084,29034,36,10.24,25.73,11,38231,23,4221.418025546411
756,83416,33444,36,3.34,28.87,9,68104,51,3323.4430859890604
670,118317,23133,60,6.84,48.22,21,80032,50,5437.785080513491
471,99148,32037,12,14.17,15.53,29,28527,18,3710.028440665841
776,110816,44891,36,13.24,48.54,3,5424,20,1080.1829236524857
576,106145,41059,24,12.33,21.01,3,39462,18,1878.4215771046693
669,82483,43675,36,12.41,36.39,22,85374,43,1319.0934090693597
431,21007,28472,24,7.64,13.07,10,43074,18,4436.962032767193
715,45510,40993,24,5.53,30.01,10,19613,58,1847.6513619936388
685,126506,27641,48,6.93,35.64,14,4700,26,4537.09013856504
813,134474,35090,48,8.93,48.63,24,35256,21,3023.1721059325773
645,27564,26400,24,9.81,13.78,18,42616,19,4774.664744356757
712,104082,20422,60,13.85,33.98,12,9190,29,5992.768403034316
588,24703,28017,36,4.81,10.4,25,85435,32,4468.335213110189
683,147331,27740,48,14.24,19.07,2,77028,56,4507.906650279877
379,142901,44261,12,5.15,18.99,33,21323,27,1281.6832215727716
517,63642,33179,12,14.6,25.85,22,89654,59,3459.709344868757
590,134015,43328,60,6.79,23.8,27,3190,36,1413.5701636329227
402,92750,17686,60,13.7,26.03,16,66394,54,6594.484682562219
825,58559,33731,48,7.18,29.45,29,87236,41,3246.6245229003885
684,142732,8654,12,13.54,19.33,20,80729,41,8297.69239472859
306,94319,49848,36,7.09,19.94,25,36613,66,189.73493368505706
646,144132,28648,48,12.57,25.08,8,44149,41,4364.9911109768145
846,26960,38174,24,5.07,47.38,3,58773,29,2375.6332953054284
696,146267,46568,48,9.8,29.25,7,93220,31,713.2798819304321
678,106123,16556,60,3.34,36.38,13,20608,30,6749.143736253241
600,147650,28253,24,3.0,32.19,23,2765,54,4433.260231029215
746,27287,40732,24,4.79,39.37,26,4055,30,1884.9314310963923
772,59974,15106,12,8.64,25.55,21,81787,29,6979.494569417176
390,62207,27614,12,10.68,10.96,8,18653,40,4628.855709747671
327,90855,49976,36,6.41,33.77,9,40167,44,169.7222606010639
482,99083,18944,60,11.56,45.9,6,96544,34,6310.197162657728
491,148575,13125,60,4.54,31.77,2,35983,50,7475.064114646711
614,91626,46796,60,7.47,38.7,17,98099,66,702.4754902794303
679,120424,30537,48,11.07,36.9,4,76407,42,3947.36484667937
506,77134,41914,24,3.46,11.61,4,47599,66,1717.4717105077166
427,57573,16023,36,4.52,34.55,10,83096,34,6896.7212603202015
501,121459,11823,36,8.22,44.16,15,34731,18,7751.465697861603
308,112241,19056,12,5.54,48.39,4,83029,45,6347.284877135404
517,69481,32764,48,6.09,32.25,20,9718,46,3554.3003952364998
